id,entrada,primeiro,segundo,atraso,saida,usuario,fechado,cliente_id,tipo_receita,atrasoautorizado,over_10_hours_authorization
1,2024-02-12 10:50:36,0,0,0,2024-02-12 10:51:21,70,1,83,1,0,0
2,2024-02-12 14:01:31,0,0,0,2024-02-12 15:13:15,56,1,2377,5,0,0
3,2024-02-12 14:13:49,0,0,0,2024-02-12 14:50:56,4,1,74,5,0,0
4,2024-02-12 14:19:01,0,0,0,2024-02-12 14:23:19,58,1,83,21,0,0
5,2024-02-12 14:23:39,0,0,0,2024-02-12 14:46:01,58,1,2349,21,0,0
6,2024-02-12 14:36:59,0,0,0,2024-02-12 14:52:17,10,1,83,1,0,0
7,2024-02-12 14:37:14,0,0,0,2024-02-12 20:41:01,33,1,83,15,0,0
9,2024-02-12 14:43:22,0,0,0,2024-02-12 17:54:42,5,1,11,1,0,0
10,2024-02-12 14:46:13,0,0,0,2024-02-12 15:08:01,58,1,2415,21,0,0
11,2024-02-12 14:52:50,0,0,0,2024-02-12 15:14:37,10,1,2539,21,0,0
12,2024-02-12 15:01:45,0,0,0,2024-02-12 15:13:57,8,1,70,5,0,0
13,2024-02-12 15:06:04,0,0,0,2024-02-12 18:11:49,3,1,2471,1,0,0
14,2024-02-12 15:08:18,0,0,0,2024-02-12 16:51:04,58,1,2473,21,0,0
15,2024-02-12 15:13:24,0,0,0,2024-02-12 15:41:09,56,1,2622,5,0,0
16,2024-02-12 15:14:10,0,0,0,2024-02-12 15:18:10,8,1,124,5,0,0
17,2024-02-12 15:15:00,0,0,0,2024-02-12 15:18:39,10,1,83,1,0,0
18,2024-02-12 15:18:23,0,0,0,2024-02-12 15:25:57,8,1,2263,5,0,0
19,2024-02-12 15:18:48,0,0,0,2024-02-12 16:18:05,10,1,2377,1,0,0
20,2024-02-12 15:26:11,0,0,0,2024-02-12 15:33:33,8,1,2466,1,0,0
21,2024-02-12 15:33:51,0,0,0,2024-02-12 15:38:22,8,1,2493,5,0,0
22,2024-02-12 15:38:35,0,0,0,2024-02-12 16:21:54,8,1,1135,5,0,0
23,2024-02-12 15:41:18,0,0,0,2024-02-12 15:57:37,56,1,2639,5,0,0
24,2024-02-12 15:57:46,0,0,0,2024-02-12 16:15:16,56,1,2640,5,0,0
25,2024-02-12 16:18:15,0,0,0,2024-02-12 16:59:23,10,1,2539,21,0,0
26,2024-02-12 16:22:02,0,0,0,2024-02-12 16:55:08,8,1,83,1,0,0
27,2024-02-12 16:52:32,0,0,0,2024-02-12 18:55:20,58,1,1136,21,0,0
28,2024-02-12 18:12:04,0,0,0,2024-02-12 20:19:30,3,1,2729,1,0,0
29,2024-02-13 08:51:18,0,0,0,2024-02-13 09:03:33,33,1,83,15,0,0
30,2024-02-13 09:04:17,0,0,0,2024-02-13 09:38:38,33,1,2303,15,0,0
31,2024-02-13 09:05:56,0,0,0,2024-02-13 09:59:54,3,1,2729,1,0,0
32,2024-02-13 09:10:18,0,0,0,2024-02-13 16:59:28,4,1,9,5,0,0
33,2024-02-13 09:29:42,0,0,0,2024-02-13 09:30:00,56,1,62,5,0,0
34,2024-02-13 09:30:25,0,0,0,2024-02-13 10:11:57,56,1,62,5,0,0
35,2024-02-13 09:30:46,0,0,0,2024-02-13 20:15:32,5,1,41,1,0,0
36,2024-02-13 09:38:51,0,0,0,2024-02-13 10:48:44,33,1,83,15,0,0
37,2024-02-13 09:58:01,0,0,0,2024-02-13 10:03:41,58,1,1135,21,0,0
38,2024-02-13 10:03:50,0,0,0,2024-02-13 10:57:43,58,1,2424,21,0,0
39,2024-02-13 10:12:05,0,0,0,2024-02-13 11:07:47,56,1,122,5,0,0
40,2024-02-13 10:48:58,0,0,0,2024-02-13 11:41:22,33,1,2349,15,0,0
41,2024-02-13 10:58:10,0,0,0,2024-02-13 11:32:01,58,1,2493,21,0,0
42,2024-02-13 11:04:33,0,0,0,2024-02-13 11:05:10,70,1,83,1,0,0
43,2024-02-13 11:07:57,0,0,0,2024-02-13 11:58:22,56,1,121,5,0,0
45,2024-02-13 11:32:41,0,0,0,2024-02-13 11:40:14,58,1,2574,21,0,0
46,2024-02-13 11:40:23,0,0,0,2024-02-13 12:15:04,58,1,2623,21,0,0
47,2024-02-13 11:43:31,0,0,0,2024-02-13 15:09:38,33,1,83,15,0,0
48,2024-02-13 11:58:31,0,0,0,2024-02-13 12:30:00,56,1,1136,5,0,0
49,2024-02-13 12:16:11,0,0,0,2024-02-13 14:26:11,58,1,2729,21,0,0
50,2024-02-13 14:27:21,0,0,0,2024-02-13 17:36:01,58,1,83,21,0,0
51,2024-02-13 14:34:13,0,0,0,2024-02-13 19:03:17,56,1,41,5,0,0
52,2024-02-13 14:51:41,0,0,0,2024-02-13 14:52:36,70,1,83,1,0,0
53,2024-02-13 15:12:05,0,0,0,2024-02-13 17:22:46,33,1,2810,15,0,0
54,2024-02-13 16:42:46,0,0,0,2024-02-13 16:47:12,70,1,83,1,0,0
55,2024-02-13 18:34:14,0,0,0,2024-02-13 23:23:34,70,1,83,1,0,0
56,2024-02-14 04:08:40,0,0,0,2024-02-14 04:49:34,5,1,41,1,0,0
58,2024-02-14 06:58:47,0,0,0,2024-02-14 13:11:45,3,1,2729,1,0,0
59,2024-02-14 07:54:00,0,0,0,2024-02-14 12:02:05,55,1,16,1,0,0
60,2024-02-14 09:01:07,0,0,0,2024-02-14 09:01:21,58,1,83,21,0,0
61,2024-02-14 09:01:33,0,0,0,2024-02-14 09:20:16,58,1,2748,21,0,0
62,2024-02-14 09:05:54,0,0,0,2024-02-14 10:13:45,4,1,127,5,0,0
63,2024-02-14 09:14:38,0,0,0,2024-02-14 09:18:18,10,1,83,1,0,0
64,2024-02-14 09:18:29,0,0,0,2024-02-14 10:46:10,10,1,2294,11,0,0
65,2024-02-14 09:19:07,0,0,0,2024-02-14 09:59:41,56,1,83,5,0,0
66,2024-02-14 09:20:10,0,0,0,2024-02-14 09:54:37,33,1,83,15,0,0
67,2024-02-14 09:20:25,0,0,0,2024-02-14 09:28:39,58,1,17,21,0,0
68,2024-02-14 09:28:49,0,0,0,2024-02-14 10:13:39,58,1,40,21,0,0
69,2024-02-14 09:36:58,0,0,0,2024-02-14 11:41:16,11,1,2820,21,0,0
70,2024-02-14 09:55:12,0,0,0,2024-02-14 18:45:00,33,1,9,16,0,0
71,2024-02-14 09:59:48,0,0,0,2024-02-14 10:50:31,56,1,2474,5,0,0
72,2024-02-14 10:13:47,0,0,0,2024-02-14 10:18:23,58,1,42,21,0,0
73,2024-02-14 10:14:11,0,0,0,2024-02-14 12:07:24,4,1,16,5,0,0
74,2024-02-14 10:18:30,0,0,0,2024-02-14 10:29:32,58,1,53,21,0,0
75,2024-02-14 10:22:17,0,0,0,2024-02-14 11:17:00,5,1,11,1,0,0
76,2024-02-14 10:29:41,0,0,0,2024-02-14 10:31:48,58,1,40,21,0,0
77,2024-02-14 10:31:54,0,0,0,2024-02-14 10:51:00,58,1,37,21,0,0
78,2024-02-14 10:46:22,0,0,0,2024-02-14 11:13:30,10,1,127,21,0,0
79,2024-02-14 10:50:39,0,0,0,2024-02-14 11:24:22,56,1,11,5,0,0
80,2024-02-14 10:51:06,0,0,0,2024-02-14 11:07:32,58,1,53,21,0,0
81,2024-02-14 11:07:39,0,0,0,2024-02-14 11:17:09,58,1,83,21,0,0
82,2024-02-14 11:13:37,0,0,0,2024-02-14 11:27:50,10,1,83,1,0,0
83,2024-02-14 11:17:15,0,0,0,2024-02-14 11:21:45,58,1,2302,21,0,0
84,2024-02-14 11:21:55,0,0,0,2024-02-14 11:41:44,58,1,2303,21,0,0
85,2024-02-14 11:24:30,0,0,0,2024-02-14 11:38:10,56,1,83,5,0,0
86,2024-02-14 11:37:15,0,0,0,2024-02-14 12:23:54,5,1,11,1,0,0
87,2024-02-14 11:39:40,0,0,0,2024-02-14 14:12:13,56,1,11,5,0,0
88,2024-02-14 11:42:03,0,0,0,2024-02-14 12:01:07,58,1,57,21,0,0
89,2024-02-14 12:01:15,0,0,0,2024-02-14 12:32:10,58,1,2302,21,0,0
90,2024-02-14 12:11:36,0,0,0,2024-02-14 13:30:00,10,1,83,1,0,0
91,2024-02-14 12:24:02,0,0,0,2024-02-14 12:40:09,5,1,83,1,0,0
92,2024-02-14 12:32:00,0,0,0,2024-02-14 15:30:00,55,1,9,1,0,0
93,2024-02-14 12:33:39,0,0,0,2024-02-14 14:32:20,58,1,83,21,0,0
94,2024-02-14 13:01:15,0,0,0,2024-02-14 13:37:07,8,1,2729,5,0,0
95,2024-02-14 13:30:09,0,0,0,2024-02-14 14:09:08,10,1,2294,11,0,0
96,2024-02-14 13:37:19,0,0,0,2024-02-14 13:44:10,8,1,2473,5,0,0
97,2024-02-14 13:44:20,0,0,0,2024-02-14 14:19:17,8,1,105,5,0,0
98,2024-02-14 14:09:20,0,0,0,2024-02-14 16:29:50,10,1,2377,1,0,0
99,2024-02-14 14:12:21,0,0,0,2024-02-14 16:15:22,56,1,2400,5,0,0
100,2024-02-14 14:16:05,0,0,0,2024-02-14 15:58:45,11,1,52,21,0,0
101,2024-02-14 14:56:43,0,0,0,2024-02-16 11:14:58,4,1,83,1,0,0
104,2024-02-14 15:58:21,0,0,0,2024-02-14 18:33:11,11,1,105,21,0,0
102,2024-02-14 16:00:38,0,0,0,2024-02-14 17:00:15,55,1,9,1,0,0
103,2024-02-14 16:15:35,0,0,0,2024-02-14 17:15:59,56,1,2640,5,0,0
105,2024-02-14 16:22:13,0,0,0,2024-02-14 18:33:11,11,1,2855,21,0,0
106,2024-02-14 17:00:29,0,0,0,2024-02-14 17:00:37,55,1,2474,1,0,0
107,2024-02-14 17:16:08,0,0,0,2024-02-14 17:49:42,56,1,2611,5,0,0
108,2024-02-14 18:54:43,0,0,0,2024-02-14 23:50:00,5,1,11,1,0,0
109,2024-02-14 20:33:35,0,0,0,2024-02-14 20:35:07,70,1,83,1,0,0
110,2024-02-15 04:22:33,0,0,0,2024-02-16 07:55:42,3,1,2729,1,0,0
111,2024-02-15 08:17:05,0,0,0,2024-02-15 08:30:30,50,1,2622,11,0,0
112,2024-02-15 08:24:21,0,0,0,2024-02-15 09:00:24,33,1,2406,15,0,0
113,2024-02-15 08:56:24,0,0,0,2024-02-15 09:00:36,9,1,83,5,0,0
114,2024-02-15 08:59:56,0,0,0,2024-02-15 09:27:24,56,1,2610,5,0,0
115,2024-02-15 09:01:28,0,0,0,2024-02-15 11:37:14,9,1,83,5,0,0
116,2024-02-15 09:27:36,0,0,0,2024-02-15 09:51:54,56,1,2639,5,0,0
117,2024-02-15 09:47:08,0,0,0,2024-02-15 11:23:58,50,1,2622,11,0,0
118,2024-02-15 09:52:05,0,0,0,2024-02-15 10:13:53,56,1,62,5,0,0
119,2024-02-15 10:14:01,0,0,0,2024-02-15 11:33:10,56,1,83,5,0,0
120,2024-02-15 10:22:33,0,0,0,2024-02-15 12:35:57,11,1,2820,21,0,0
121,2024-02-15 11:24:11,0,0,0,2024-02-15 11:38:57,50,1,90,15,0,0
134,2024-02-15 12:33:00,0,0,0,2024-02-15 14:52:54,9,1,83,5,0,0
122,2024-02-15 12:54:07,0,0,0,2024-02-15 13:02:53,38,1,83,6,0,0
123,2024-02-15 12:59:09,0,0,0,2024-02-15 13:27:49,50,1,90,15,0,0
124,2024-02-15 13:03:02,0,0,0,2024-02-15 13:28:10,38,1,2820,6,0,0
125,2024-02-15 13:27:20,0,0,0,2024-02-15 19:33:21,5,1,11,1,0,0
126,2024-02-15 13:27:58,0,0,0,2024-02-15 14:22:04,50,1,1130,15,0,0
127,2024-02-15 13:28:33,0,0,0,2024-02-15 14:18:45,38,1,67,6,0,0
128,2024-02-15 13:47:27,0,0,0,2024-02-15 14:33:54,56,1,2610,5,0,0
129,2024-02-15 14:18:54,0,0,0,2024-02-15 14:29:11,38,1,2263,6,0,0
130,2024-02-15 14:22:18,0,0,0,2024-02-15 15:43:42,50,1,83,15,0,0
131,2024-02-15 14:24:52,0,0,0,2024-02-15 14:29:38,70,1,83,1,0,0
132,2024-02-15 14:29:20,0,0,0,2024-02-15 14:57:37,38,1,2301,6,0,0
133,2024-02-15 14:34:02,0,0,0,2024-02-15 15:37:33,56,1,2474,5,0,0
135,2024-02-15 14:57:45,0,0,0,2024-02-15 14:57:46,38,1,2603,6,0,0
136,2024-02-15 15:02:25,0,0,0,2024-02-15 15:27:23,38,1,2760,6,0,0
137,2024-02-15 15:27:31,0,0,0,2024-02-15 20:58:55,38,1,2778,6,0,0
138,2024-02-15 15:37:41,0,0,0,2024-02-15 17:51:36,56,1,41,5,0,0
139,2024-02-15 15:41:24,0,0,0,2024-02-15 18:17:18,9,1,11,5,0,0
140,2024-02-15 15:43:54,0,0,0,2024-02-15 15:48:01,50,1,2729,2,0,0
141,2024-02-15 16:35:10,0,0,0,2024-02-15 16:59:55,50,1,83,11,0,0
142,2024-02-15 17:00:18,0,0,0,2024-02-15 17:46:33,50,1,2274,11,0,0
143,2024-02-15 17:46:43,0,0,0,2024-02-15 17:59:29,50,1,2619,15,0,0
144,2024-02-15 17:59:49,0,0,0,2024-02-15 18:18:36,50,1,46,11,0,0
145,2024-02-15 18:17:26,0,0,0,2024-02-15 19:01:21,9,1,83,5,0,0
146,2024-02-15 18:18:46,0,0,0,2024-02-15 18:29:46,50,1,17,11,0,0
147,2024-02-15 18:29:56,0,0,0,2024-02-15 18:51:10,50,1,41,15,0,0
148,2024-02-15 18:51:21,0,0,0,2024-02-15 18:56:48,50,1,2379,15,0,0
149,2024-02-15 18:56:55,0,0,0,2024-02-15 18:56:56,50,1,2464,15,0,0
150,2024-02-15 19:04:12,0,0,0,2024-02-15 19:04:44,50,1,2380,15,0,0
151,2024-02-15 19:04:52,0,0,0,2024-02-15 19:18:49,50,1,2380,15,0,0
152,2024-02-15 19:18:58,0,0,0,2024-02-15 19:19:02,50,1,2382,15,0,0
153,2024-02-15 19:19:10,0,0,0,2024-02-15 19:32:53,50,1,2382,2,0,0
154,2024-02-15 19:34:26,0,0,0,2024-02-15 19:43:29,50,1,2663,2,0,0
155,2024-02-15 19:43:48,0,0,0,2024-02-15 19:58:02,50,1,2623,15,0,0
156,2024-02-15 19:58:11,0,0,0,2024-02-15 20:06:06,50,1,2390,15,0,0
157,2024-02-15 20:06:16,0,0,0,2024-02-15 20:10:28,50,1,2360,15,0,0
158,2024-02-15 20:10:35,0,0,0,2024-02-15 20:10:40,50,1,2360,1,0,0
159,2024-02-15 20:59:12,0,0,0,2024-02-15 21:39:14,38,1,2820,6,0,0
160,2024-02-16 07:50:00,0,0,0,2024-02-16 08:25:28,38,1,83,6,0,0
161,2024-02-16 07:56:02,0,0,0,2024-02-16 11:35:41,3,1,2729,1,0,0
176,2024-02-16 08:00:00,0,0,0,2024-02-16 10:04:00,55,0,2603,1,0,0
164,2024-02-16 08:20:20,0,0,0,2024-02-16 10:22:26,33,1,83,15,0,0
162,2024-02-16 08:25:35,0,0,0,2024-02-16 09:06:32,38,1,2796,6,0,0
163,2024-02-16 08:39:48,0,0,0,2024-02-16 09:01:09,50,1,83,15,0,0
188,2024-02-16 09:00:14,0,0,0,2024-02-16 11:25:40,4,1,16,5,0,0
165,2024-02-16 09:01:21,0,0,0,2024-02-16 09:03:46,50,1,83,15,0,0
166,2024-02-16 09:06:44,0,0,0,2024-02-16 09:11:23,38,1,67,6,0,0
167,2024-02-16 09:11:30,0,0,0,2024-02-16 09:15:58,38,1,124,6,0,0
168,2024-02-16 09:16:06,0,0,0,2024-02-16 09:21:52,38,1,2263,6,0,0
169,2024-02-16 09:21:59,0,0,0,2024-02-16 09:43:33,38,1,2301,6,0,0
170,2024-02-16 09:31:53,0,0,0,2024-02-16 10:34:30,9,1,83,5,0,0
171,2024-02-16 09:43:42,0,0,0,2024-02-16 10:02:50,38,1,2760,6,0,0
172,2024-02-16 09:58:24,0,0,0,2024-02-16 10:00:27,11,1,2536,21,0,0
173,2024-02-16 10:00:35,0,0,0,2024-02-16 10:54:27,11,1,2415,21,0,0
174,2024-02-16 10:03:50,0,0,0,2024-02-16 10:15:43,38,1,2796,6,0,0
177,2024-02-16 10:04:00,0,0,0,2024-02-16 20:33:41,55,1,124,5,0,0
175,2024-02-16 10:04:40,0,0,0,2024-02-16 16:57:07,58,1,83,21,0,0
178,2024-02-16 10:15:54,0,0,0,2024-02-16 11:15:05,38,1,37,6,0,0
180,2024-02-16 10:16:54,0,0,0,2024-02-16 11:05:33,5,1,11,1,0,0
187,2024-02-16 10:22:37,0,0,0,2024-02-16 10:37:46,33,1,2810,15,0,0
179,2024-02-16 10:31:24,0,0,0,2024-02-16 11:30:34,56,1,41,5,0,0
191,2024-02-16 10:35:00,0,0,0,2024-02-16 11:35:27,9,1,83,5,0,0
212,2024-02-16 10:37:27,0,0,0,2024-02-16 12:44:47,33,1,83,15,0,0
181,2024-02-16 10:46:38,0,0,0,2024-02-16 10:47:44,50,1,28,15,0,0
182,2024-02-16 10:47:06,0,0,0,2024-02-16 12:34:40,47,1,20,1,0,0
183,2024-02-16 10:49:00,0,0,0,2024-02-16 10:54:09,50,1,83,15,0,0
184,2024-02-16 10:54:39,0,0,0,2024-02-16 11:44:43,11,1,41,21,0,0
185,2024-02-16 10:55:35,0,0,0,2024-02-16 11:25:48,50,1,2472,11,0,0
186,2024-02-16 11:05:40,0,0,0,2024-02-19 11:53:21,5,1,83,1,0,0
189,2024-02-16 11:15:15,0,0,0,2024-02-16 12:00:00,38,1,2381,6,0,0
190,2024-02-16 11:26:08,0,0,0,2024-02-16 11:26:57,50,1,2472,15,0,0
192,2024-02-16 11:36:01,0,0,0,2024-02-16 12:02:14,3,1,89,1,0,0
193,2024-02-16 11:44:51,0,0,0,2024-02-16 12:02:36,11,1,17,21,0,0
194,2024-02-16 12:08:05,0,0,0,2024-02-16 13:00:31,50,1,2729,15,0,0
195,2024-02-16 12:11:36,0,0,0,2024-02-16 16:59:43,4,1,9,5,0,0
198,2024-02-16 12:33:00,0,0,0,2024-02-16 12:47:09,38,1,2471,6,0,0
196,2024-02-16 12:35:09,0,0,0,2024-02-16 15:30:00,56,1,41,5,0,0
197,2024-02-16 12:35:21,0,0,0,2024-02-16 15:27:46,47,1,2858,1,0,0
213,2024-02-16 12:44:57,0,0,0,2024-02-16 13:01:42,33,1,2619,15,0,0
199,2024-02-16 12:47:20,0,0,0,2024-02-16 13:02:21,38,1,2471,6,0,0
200,2024-02-16 12:51:29,0,0,0,2024-02-16 13:01:26,9,1,2400,5,0,0
201,2024-02-16 13:01:34,0,0,0,2024-02-16 13:13:37,9,1,83,5,0,0
202,2024-02-16 13:02:40,0,0,0,2024-02-16 13:54:37,38,1,2472,6,0,0
203,2024-02-16 13:13:49,0,0,0,2024-02-16 14:54:53,9,1,83,5,0,0
206,2024-02-16 13:31:36,0,0,0,2024-02-16 15:07:34,11,1,2640,21,0,0
204,2024-02-16 13:34:02,0,0,0,2024-02-16 14:15:13,50,1,2415,15,0,0
205,2024-02-16 13:34:26,0,0,0,2024-02-16 14:06:00,10,1,83,1,0,0
215,2024-02-16 13:42:49,0,0,0,2024-02-16 14:44:53,33,1,83,1,0,0
207,2024-02-16 13:54:46,0,0,0,2024-02-16 15:03:14,38,1,2493,6,0,0
208,2024-02-16 14:06:14,0,0,0,2024-02-16 14:06:35,10,1,2377,1,0,0
209,2024-02-16 14:07:02,0,0,0,2024-02-16 15:50:26,10,1,2377,1,0,0
210,2024-02-16 14:15:21,0,0,0,2024-02-16 15:50:48,50,1,46,15,0,0
211,2024-02-16 14:55:00,0,0,0,2024-02-16 15:28:44,9,1,2474,5,0,0
214,2024-02-16 15:03:23,0,0,0,2024-02-16 15:46:33,38,1,1135,6,0,0
216,2024-02-16 15:05:04,0,0,0,2024-02-16 18:45:47,33,1,83,15,0,0
217,2024-02-16 15:28:12,0,0,0,2024-02-16 15:28:12,47,1,67,1,0,0
218,2024-02-16 15:42:26,0,0,0,2024-02-16 15:52:08,9,1,2474,5,0,0
219,2024-02-16 15:46:42,0,0,0,2024-02-16 16:16:06,38,1,107,6,0,0
220,2024-02-16 15:51:03,0,0,0,2024-02-16 15:51:06,50,1,83,1,0,0
221,2024-02-16 15:53:11,0,0,0,2024-02-19 15:05:42,47,1,37,1,0,0
222,2024-02-16 16:17:11,0,0,0,2024-02-16 16:29:21,38,1,107,6,0,0
223,2024-02-16 16:29:31,0,0,0,2024-02-16 17:05:16,38,1,2466,6,0,0
224,2024-02-16 17:05:22,0,0,0,2024-02-16 17:05:38,38,1,83,6,0,0
225,2024-02-16 17:24:42,0,0,0,2024-02-16 18:17:20,10,1,83,1,0,0
226,2024-02-16 17:29:47,0,0,0,2024-02-16 18:18:00,50,1,2226,15,0,0
227,2024-02-16 17:43:27,0,0,0,2024-02-16 18:46:38,9,1,2474,5,0,0
228,2024-02-16 18:18:07,0,0,0,2024-02-16 18:18:29,50,1,2415,1,0,0
230,2024-02-17 09:34:37,0,0,0,2024-02-17 11:31:32,4,1,9,5,0,0
229,2024-02-17 09:41:10,0,0,0,2024-02-17 10:58:23,56,1,83,5,0,0
231,2024-02-17 10:58:30,0,0,0,2024-02-17 11:47:00,56,1,41,5,0,0
234,2024-02-17 12:35:15,0,0,0,2024-02-17 15:21:56,4,1,68,5,0,0
232,2024-02-17 12:55:20,0,0,0,2024-02-17 15:16:23,56,1,41,5,0,0
235,2024-02-17 15:16:32,0,0,0,2024-02-17 16:37:21,56,1,2474,5,0,0
236,2024-02-17 15:22:08,0,0,0,2024-02-17 16:24:57,4,1,74,5,0,0
237,2024-02-17 16:39:17,0,0,0,2024-02-17 16:39:30,4,1,83,5,0,0
238,2024-02-18 08:03:00,0,0,0,2024-02-18 18:03:00,70,0,83,7,0,0
239,2024-02-19 06:56:30,0,0,0,2024-02-19 07:17:26,3,1,90,1,0,0
240,2024-02-19 07:17:45,0,0,0,2024-02-19 07:58:28,3,1,89,1,0,0
241,2024-02-19 07:45:00,0,0,0,2024-02-19 07:55:00,38,1,83,6,0,0
242,2024-02-19 07:56:05,0,0,0,2024-02-19 08:44:03,38,1,2302,6,0,0
246,2024-02-19 08:30:02,0,0,0,2024-02-19 13:02:18,33,1,83,15,0,0
243,2024-02-19 08:42:40,0,0,0,2024-02-19 10:41:46,4,1,43,5,0,0
244,2024-02-19 08:44:11,0,0,0,2024-02-19 09:42:20,38,1,2410,6,0,0
245,2024-02-19 08:52:18,0,0,0,2024-02-19 09:09:24,56,1,83,5,0,0
247,2024-02-19 09:09:32,0,0,0,2024-02-19 09:19:49,56,1,2474,5,0,0
248,2024-02-19 09:16:27,0,0,0,2024-02-19 11:48:14,10,1,83,1,0,0
249,2024-02-19 09:16:50,0,0,0,2024-02-19 10:06:53,9,1,83,5,0,0
250,2024-02-19 09:19:56,0,0,0,2024-02-19 09:32:34,56,1,41,5,0,0
251,2024-02-19 09:32:42,0,0,0,2024-02-19 09:43:25,56,1,11,5,0,0
252,2024-02-19 09:42:36,0,0,0,2024-02-19 10:10:17,38,1,2464,6,0,0
253,2024-02-19 09:43:33,0,0,0,2024-02-19 09:57:55,56,1,2400,5,0,0
254,2024-02-19 09:49:24,0,0,0,2024-02-19 11:03:07,8,1,2473,5,0,0
255,2024-02-19 09:58:03,0,0,0,2024-02-19 10:13:49,56,1,2377,5,0,0
256,2024-02-19 09:58:42,0,0,0,2024-02-19 12:41:46,50,1,83,15,0,0
257,2024-02-19 10:07:02,0,0,0,2024-02-19 12:15:37,9,1,2400,5,0,0
258,2024-02-19 10:10:29,0,0,0,2024-02-19 11:33:02,11,1,2536,21,0,0
259,2024-02-19 10:10:33,0,0,0,2024-02-19 10:48:50,38,1,2467,6,0,0
260,2024-02-19 10:13:57,0,0,0,2024-02-19 12:11:22,56,1,41,5,0,0
275,2024-02-19 10:41:03,0,0,0,2024-02-19 19:05:30,5,1,17,1,0,0
261,2024-02-19 10:49:00,0,0,0,2024-02-19 11:38:50,38,1,17,6,0,0
262,2024-02-19 11:03:16,0,0,0,2024-02-19 12:36:40,8,1,105,5,0,0
263,2024-02-19 11:12:34,0,0,0,2024-02-19 13:41:03,3,1,89,1,0,0
264,2024-02-19 11:33:18,0,0,0,2024-02-19 12:07:36,11,1,28,21,0,0
265,2024-02-19 11:38:59,0,0,0,2024-02-19 11:49:00,38,1,28,6,0,0
266,2024-02-19 12:21:09,0,0,0,2024-02-19 12:54:30,10,1,83,1,0,0
270,2024-02-19 12:29:00,0,0,0,2024-02-19 13:10:00,38,1,44,6,0,0
267,2024-02-19 12:36:37,0,0,0,2024-02-19 13:33:18,4,1,43,5,0,0
268,2024-02-19 12:36:48,0,0,0,2024-02-19 23:01:40,8,1,83,5,0,0
269,2024-02-19 12:51:33,0,0,0,2024-02-19 14:23:25,56,1,41,5,0,0
271,2024-02-19 12:54:40,0,0,0,2024-02-19 13:44:40,10,1,2640,21,0,0
272,2024-02-19 13:11:25,0,0,0,2024-02-19 13:49:38,38,1,57,6,0,0
273,2024-02-19 13:29:08,0,0,0,2024-02-19 16:04:10,9,1,2400,5,0,0
274,2024-02-19 13:33:28,0,0,0,2024-02-19 14:16:53,4,1,74,5,0,0
276,2024-02-19 13:41:13,0,0,0,2024-02-19 13:59:47,3,1,2729,1,0,0
279,2024-02-19 13:43:18,0,0,0,2024-02-19 18:22:46,33,1,83,15,0,0
277,2024-02-19 13:44:49,0,0,0,2024-02-19 14:48:57,10,1,83,1,0,0
278,2024-02-19 13:49:49,0,0,0,2024-02-19 14:13:38,38,1,2746,6,0,0
280,2024-02-19 14:13:52,0,0,0,2024-02-19 14:39:50,38,1,2810,6,0,0
281,2024-02-19 14:17:10,0,0,0,2024-02-19 14:24:45,4,1,43,5,0,0
282,2024-02-19 14:23:34,0,0,0,2024-02-19 14:33:03,56,1,121,5,0,0
283,2024-02-19 14:24:54,0,0,0,2024-02-19 17:33:09,4,1,16,5,0,0
284,2024-02-19 14:33:11,0,0,0,2024-02-19 14:57:13,56,1,122,5,0,0
285,2024-02-19 14:40:01,0,0,0,2024-02-19 14:52:21,38,1,2812,6,0,0
286,2024-02-19 14:49:03,0,0,0,2024-02-19 15:50:32,10,1,2377,1,0,0
287,2024-02-19 14:52:30,0,0,0,2024-02-19 14:58:03,38,1,2820,6,0,0
288,2024-02-19 14:57:21,0,0,0,2024-02-19 15:39:52,56,1,1136,5,0,0
289,2024-02-19 14:58:10,0,0,0,2024-02-19 15:33:02,38,1,2623,6,0,0
290,2024-02-19 15:06:04,0,0,0,2024-02-19 22:58:50,47,1,2410,1,0,0
291,2024-02-19 15:33:18,0,0,0,2024-02-19 15:53:32,38,1,2415,6,0,0
292,2024-02-19 15:40:01,0,0,0,2024-02-19 16:05:20,56,1,2639,5,0,0
293,2024-02-19 15:53:46,0,0,0,2024-02-19 16:30:26,38,1,2787,6,0,0
294,2024-02-19 16:04:22,0,0,0,2024-02-19 18:02:08,9,1,83,5,0,0
295,2024-02-19 16:05:30,0,0,0,2024-02-19 16:32:32,56,1,2640,5,0,0
297,2024-02-19 16:08:51,0,0,0,2024-02-19 17:50:27,10,1,83,1,0,0
296,2024-02-19 16:32:45,0,0,0,2024-02-19 16:33:16,56,1,41,5,0,0
298,2024-02-19 16:54:55,0,0,0,2024-02-19 17:12:03,56,1,83,5,0,0
299,2024-02-19 17:12:19,0,0,0,2024-02-19 17:12:20,56,1,41,5,0,0
300,2024-02-19 17:33:21,0,0,0,2024-02-19 17:53:35,4,1,16,5,0,0
301,2024-02-19 18:02:18,0,0,0,2024-02-19 20:06:11,9,1,2400,5,0,0
302,2024-02-19 18:08:54,0,0,0,2024-02-19 18:32:36,38,1,2810,6,0,0
303,2024-02-19 18:33:00,0,0,0,2024-02-19 18:54:52,38,1,2855,6,0,0
304,2024-02-19 19:05:46,0,0,0,2024-02-19 19:05:48,5,1,11,1,0,0
305,2024-02-20 04:24:11,0,0,0,2024-02-20 12:54:02,3,1,90,1,0,0
314,2024-02-20 07:39:00,0,0,0,2024-02-20 09:30:50,4,1,83,5,0,0
315,2024-02-20 08:06:17,0,0,0,2024-02-20 12:07:01,5,1,17,1,0,1
306,2024-02-20 08:12:34,0,0,0,2024-02-20 08:19:09,56,1,83,5,0,0
307,2024-02-20 08:13:00,0,0,0,2024-02-20 08:25:12,38,1,83,6,0,0
308,2024-02-20 08:19:19,0,0,0,2024-02-20 08:20:56,56,1,11,5,0,0
309,2024-02-20 08:19:53,0,0,0,2024-02-20 09:00:28,8,1,2237,16,0,0
310,2024-02-20 08:21:04,0,0,0,2024-02-20 09:11:14,56,1,2474,5,0,0
311,2024-02-20 08:25:30,0,0,0,2024-02-20 08:54:56,38,1,2787,6,0,0
312,2024-02-20 08:25:44,0,0,0,2024-02-20 09:21:18,50,1,83,15,0,0
313,2024-02-20 08:28:36,0,0,0,2024-02-20 09:00:00,9,1,41,5,0,0
316,2024-02-20 08:54:00,0,0,0,2024-02-20 09:14:24,38,1,2855,6,0,0
317,2024-02-20 09:00:38,0,0,0,2024-02-20 20:36:53,8,1,83,1,0,0
318,2024-02-20 09:00:56,0,0,0,2024-02-20 12:01:46,58,1,83,21,0,0
319,2024-02-20 09:03:37,0,0,0,2024-02-20 09:24:40,47,1,83,1,0,0
336,2024-02-20 09:11:00,0,0,0,2024-02-20 11:34:14,9,1,83,5,0,0
320,2024-02-20 09:11:22,0,0,0,2024-02-20 11:58:42,56,1,83,5,0,0
321,2024-02-20 09:15:49,0,0,0,2024-02-20 09:35:30,38,1,83,6,0,0
322,2024-02-20 09:18:01,0,0,0,2024-02-20 10:12:11,10,1,83,1,0,0
323,2024-02-20 09:21:26,0,0,0,2024-02-20 10:16:58,50,1,2379,15,0,0
324,2024-02-20 09:24:51,0,0,0,2024-02-20 10:43:14,47,1,2810,1,0,0
325,2024-02-20 09:35:00,0,0,0,2024-02-20 11:29:34,38,1,83,6,0,0
326,2024-02-20 10:12:24,0,0,0,2024-02-20 10:48:05,10,1,83,7,0,0
327,2024-02-20 10:17:07,0,0,0,2024-02-20 10:48:59,50,1,83,15,0,0
330,2024-02-20 10:37:00,0,0,0,2024-02-20 10:59:58,4,1,83,5,0,0
328,2024-02-20 10:46:11,0,0,0,2024-02-20 11:34:30,47,1,37,1,0,0
329,2024-02-20 10:49:15,0,0,0,2024-02-20 11:04:21,50,1,15,15,0,0
331,2024-02-20 11:00:08,0,0,0,2024-02-20 11:15:39,4,1,83,5,0,0
332,2024-02-20 11:04:29,0,0,0,2024-02-20 11:26:37,50,1,1135,15,0,0
333,2024-02-20 11:26:49,0,0,0,2024-02-20 11:33:32,50,1,2471,2,0,0
334,2024-02-20 11:29:50,0,0,0,2024-02-20 11:59:19,38,1,2571,6,0,0
335,2024-02-20 11:33:45,0,0,0,2024-02-20 11:33:55,50,1,2471,2,0,0
337,2024-02-20 11:39:30,0,0,0,2024-02-20 13:33:09,4,1,127,5,0,0
338,2024-02-20 11:59:25,0,0,0,2024-02-20 12:20:21,38,1,45,6,0,0
339,2024-02-20 12:02:12,0,0,0,2024-02-20 12:27:32,58,1,127,21,0,0
340,2024-02-20 12:16:24,0,0,0,2024-02-20 13:05:37,10,1,83,7,0,0
341,2024-02-20 12:18:07,0,0,0,2024-02-20 17:39:48,9,1,83,5,0,0
342,2024-02-20 12:23:23,0,0,0,2024-02-20 15:22:53,47,1,2810,1,0,0
343,2024-02-20 12:35:50,0,0,0,2024-02-20 12:49:30,50,1,2471,2,0,0
348,2024-02-20 12:42:42,0,0,0,2024-02-20 20:00:45,5,1,17,1,0,1
344,2024-02-20 12:46:09,0,0,0,2024-02-20 13:30:05,56,1,83,5,0,0
345,2024-02-20 12:49:40,0,0,0,2024-02-20 13:54:40,50,1,2591,2,0,0
346,2024-02-20 12:54:31,0,0,0,2024-02-20 14:09:15,3,1,83,1,0,0
347,2024-02-20 13:05:42,0,0,0,2024-02-20 13:22:36,10,1,2136,1,0,0
360,2024-02-20 13:10:00,0,0,0,2024-02-20 14:38:22,38,1,2820,6,0,0
349,2024-02-20 13:21:59,0,0,0,2024-02-20 13:56:14,58,1,2857,21,0,0
350,2024-02-20 13:22:41,0,0,0,2024-02-20 13:51:48,10,1,67,1,0,0
351,2024-02-20 13:30:13,0,0,0,2024-02-20 13:48:48,56,1,127,5,0,0
352,2024-02-20 13:33:35,0,0,0,2024-02-20 15:41:02,4,1,2377,5,0,0
353,2024-02-20 13:38:07,0,0,0,2024-02-20 14:45:55,33,1,83,15,0,0
354,2024-02-20 13:48:55,0,0,0,2024-02-20 14:09:10,56,1,2610,5,0,0
355,2024-02-20 13:51:56,0,0,0,2024-02-20 14:47:37,10,1,2477,1,0,0
356,2024-02-20 13:55:20,0,0,0,2024-02-20 14:54:02,50,1,2544,15,0,0
357,2024-02-20 13:56:23,0,0,0,2024-02-20 14:00:36,58,1,2820,21,0,0
358,2024-02-20 14:00:44,0,0,0,2024-02-20 14:57:07,58,1,2424,21,0,0
359,2024-02-20 14:09:19,0,0,0,2024-02-20 14:49:22,56,1,2377,5,0,0
361,2024-02-20 14:38:36,0,0,0,2024-02-20 15:28:19,38,1,2820,6,0,0
362,2024-02-20 14:46:06,0,0,0,2024-02-20 15:59:30,33,1,28,15,0,0
363,2024-02-20 14:47:44,0,0,0,2024-02-20 18:15:01,10,1,83,1,0,0
364,2024-02-20 14:49:35,0,0,0,2024-02-20 16:41:15,56,1,11,5,0,0
365,2024-02-20 14:54:46,0,0,0,2024-02-20 15:30:02,50,1,83,15,0,0
366,2024-02-20 14:58:26,0,0,0,2024-02-20 16:39:48,58,1,2360,21,0,0
367,2024-02-20 15:23:05,0,0,0,2024-02-20 18:31:32,47,1,67,1,0,0
368,2024-02-20 15:28:26,0,0,0,2024-02-20 15:44:48,38,1,70,6,0,0
369,2024-02-20 15:30:15,0,0,0,2024-02-20 15:41:11,50,1,2520,2,0,0
370,2024-02-20 15:33:09,0,0,0,2024-02-20 17:36:19,70,1,83,1,0,0
371,2024-02-20 15:41:15,0,0,0,2024-02-20 15:42:25,4,1,2377,5,0,0
372,2024-02-20 15:41:20,0,0,0,2024-02-20 15:44:12,50,1,2379,15,0,0
373,2024-02-20 15:45:02,0,0,0,2024-02-20 16:24:04,38,1,2471,6,0,0
374,2024-02-20 15:59:49,0,0,0,2024-02-20 18:19:54,33,1,9,22,0,0
375,2024-02-20 16:12:53,0,0,0,2024-02-20 16:25:34,50,1,2850,15,0,0
376,2024-02-20 16:22:01,0,0,0,2024-02-20 16:43:56,4,1,2377,5,0,0
377,2024-02-20 16:24:11,0,0,0,2024-02-20 16:28:41,38,1,83,6,0,0
378,2024-02-20 16:28:48,0,0,0,2024-02-20 17:09:08,38,1,2477,6,0,0
379,2024-02-20 17:09:17,0,0,0,2024-02-20 17:43:29,38,1,83,6,0,0
380,2024-02-20 17:43:36,0,0,0,2024-02-20 17:57:45,38,1,83,6,0,0
381,2024-02-20 17:44:09,0,0,0,2024-02-20 20:36:38,50,1,83,1,0,0
382,2024-02-20 17:57:53,0,0,0,2024-02-20 17:57:56,38,1,83,6,0,0
383,2024-02-20 18:47:44,0,0,0,2024-02-20 19:54:50,9,1,41,5,0,0
384,2024-02-21 05:13:12,0,0,0,2024-02-21 06:04:44,3,1,90,1,0,0
385,2024-02-21 07:41:44,0,0,0,2024-02-21 08:29:00,38,1,83,6,0,0
386,2024-02-21 08:16:33,0,0,0,2024-02-21 08:26:05,56,1,83,5,0,0
387,2024-02-21 08:21:15,0,0,0,2024-02-21 11:25:58,9,1,83,5,0,0
388,2024-02-21 08:26:14,0,0,0,2024-02-21 11:19:32,56,1,2474,5,0,0
389,2024-02-21 08:29:08,0,0,0,2024-02-21 09:21:20,38,1,83,6,0,0
390,2024-02-21 08:59:47,0,0,0,2024-02-21 09:35:53,10,1,83,1,0,0
391,2024-02-21 09:21:32,0,0,0,2024-02-21 09:33:15,38,1,83,6,0,0
392,2024-02-21 09:33:28,0,0,0,2024-02-21 11:28:34,38,1,2302,6,0,0
393,2024-02-21 09:36:05,0,0,0,2024-02-21 09:41:51,10,1,2543,11,0,0
394,2024-02-21 09:42:12,0,0,0,2024-02-21 11:25:06,10,1,83,1,0,0
395,2024-02-21 09:44:45,0,0,0,2024-02-21 09:44:46,47,1,20,1,0,0
396,2024-02-21 09:55:30,0,0,0,2024-02-21 10:19:42,50,1,2309,2,0,0
397,2024-02-21 10:01:32,0,0,0,2024-02-21 10:01:46,3,1,90,1,0,0
398,2024-02-21 10:19:53,0,0,0,2024-02-21 10:29:22,50,1,2379,15,0,0
399,2024-02-21 11:19:40,0,0,0,2024-02-21 11:57:00,56,1,11,5,0,0
400,2024-02-21 11:51:14,0,0,0,2024-02-21 13:02:05,10,1,83,1,0,0
407,2024-02-21 12:00:00,0,0,0,2024-02-21 13:22:00,38,0,2381,6,0,0
401,2024-02-21 12:05:05,0,0,0,2024-02-21 19:17:04,4,1,2377,5,0,0
415,2024-02-21 12:15:00,0,0,0,2024-02-21 15:07:06,9,1,83,5,0,0
402,2024-02-21 12:19:06,0,0,0,2024-02-21 12:27:36,50,1,2309,2,0,0
403,2024-02-21 12:28:10,0,0,0,2024-02-21 13:22:15,50,1,2274,11,0,0
404,2024-02-21 12:29:00,0,0,0,2024-02-21 15:07:37,56,1,11,5,0,0
405,2024-02-21 13:02:15,0,0,0,2024-02-21 14:41:56,10,1,12,21,0,0
409,2024-02-21 13:22:00,0,0,0,2024-02-21 15:14:00,38,0,83,6,0,0
406,2024-02-21 13:22:25,0,0,0,2024-02-21 13:38:29,50,1,2382,2,0,0
408,2024-02-21 13:38:46,0,0,0,2024-02-21 15:05:18,50,1,2379,15,0,0
410,2024-02-21 14:42:03,0,0,0,2024-02-21 15:01:55,10,1,24,1,0,0
411,2024-02-21 14:48:01,0,0,0,2024-02-21 15:48:54,47,1,2381,1,0,0
412,2024-02-21 15:02:01,0,0,0,2024-02-21 15:02:05,10,1,33,1,0,0
413,2024-02-21 15:02:10,0,0,0,2024-02-21 15:12:47,10,1,35,1,0,0
414,2024-02-21 15:05:28,0,0,0,2024-02-21 15:45:30,50,1,2729,2,0,0
416,2024-02-21 15:07:20,0,0,0,2024-02-21 15:46:15,9,1,83,5,0,0
417,2024-02-21 15:07:45,0,0,0,2024-02-21 15:32:45,56,1,83,5,0,0
418,2024-02-21 15:12:54,0,0,0,2024-02-21 15:38:08,10,1,28,1,0,0
419,2024-02-21 15:14:06,0,0,0,2024-02-21 15:42:21,38,1,2381,6,0,0
420,2024-02-21 15:32:54,0,0,0,2024-02-21 15:54:47,56,1,2377,5,0,0
421,2024-02-21 15:38:14,0,0,0,2024-02-21 16:21:06,10,1,83,1,0,0
422,2024-02-21 15:42:29,0,0,0,2024-02-21 16:21:07,38,1,2424,6,0,0
423,2024-02-21 15:45:44,0,0,0,2024-02-21 16:02:33,50,1,62,15,0,0
424,2024-02-21 15:46:24,0,0,0,2024-02-21 15:50:46,9,1,2474,5,0,0
425,2024-02-21 15:49:09,0,0,0,2024-02-21 16:45:22,47,1,2608,1,0,0
426,2024-02-21 15:50:54,0,0,0,2024-02-21 16:09:35,9,1,83,5,0,0
427,2024-02-21 15:54:58,0,0,0,2024-02-21 16:21:59,56,1,11,5,0,0
428,2024-02-21 16:02:38,0,0,0,2024-02-21 16:02:41,50,1,83,1,0,0
429,2024-02-21 16:09:43,0,0,0,2024-02-21 17:47:20,9,1,2474,5,0,0
430,2024-02-21 16:21:21,0,0,0,2024-02-21 16:31:00,38,0,2464,6,0,0
431,2024-02-21 16:22:06,0,0,0,2024-02-21 16:22:59,56,1,83,5,0,0
432,2024-02-21 16:47:23,0,0,0,2024-02-21 16:47:23,10,1,83,1,0,0
433,2024-02-21 16:56:37,0,0,0,2024-02-21 17:41:36,56,1,83,5,0,0
434,2024-02-21 17:06:08,0,0,0,2024-02-21 18:08:09,3,1,90,1,0,0
435,2024-02-21 17:15:36,0,0,0,2024-02-21 17:15:38,50,1,2191,2,0,0
436,2024-02-21 17:15:38,0,0,0,2024-02-21 17:45:51,50,1,2191,2,0,0
437,2024-02-21 17:45:58,0,0,0,2024-02-21 17:46:05,50,1,83,1,0,0
438,2024-02-22 06:11:59,0,0,0,2024-02-22 11:22:35,3,1,127,1,0,0
439,2024-02-22 07:28:45,0,0,0,2024-02-22 11:30:40,4,1,2377,5,0,0
446,2024-02-22 08:11:00,0,0,0,2024-02-22 11:08:26,38,1,2464,6,0,0
440,2024-02-22 08:49:29,0,0,0,2024-02-22 14:32:58,33,1,83,15,0,0
441,2024-02-22 08:56:42,0,0,0,2024-02-22 09:03:24,56,1,83,5,0,0
442,2024-02-22 09:00:18,0,0,0,2024-02-22 10:12:39,50,1,83,15,0,0
443,2024-02-22 09:03:31,0,0,0,2024-02-22 10:13:29,56,1,2377,5,0,0
444,2024-02-22 09:05:48,0,0,0,2024-02-22 11:30:54,9,1,11,5,0,0
445,2024-02-22 09:18:29,0,0,0,2024-02-22 09:57:10,10,1,83,1,0,0
447,2024-02-22 09:41:55,0,0,0,2024-02-22 09:43:57,47,1,2424,1,0,0
453,2024-02-22 09:42:22,0,0,0,2024-02-27 12:14:36,11,1,2622,21,0,0
448,2024-02-22 09:57:16,0,0,0,2024-02-22 10:02:42,10,1,127,1,0,0
449,2024-02-22 10:02:52,0,0,0,2024-02-22 10:14:41,10,1,2543,11,0,0
450,2024-02-22 10:12:55,0,0,0,2024-02-22 10:26:58,50,1,2623,15,0,0
451,2024-02-22 10:13:38,0,0,0,2024-02-22 12:13:12,56,1,11,5,0,0
452,2024-02-22 10:14:51,0,0,0,2024-02-22 11:39:23,10,1,83,1,0,0
454,2024-02-22 10:27:09,0,0,0,2024-02-22 10:27:10,50,1,2191,2,0,0
455,2024-02-22 11:08:35,0,0,0,2024-02-22 11:30:17,38,1,83,6,0,0
456,2024-02-22 11:10:41,0,0,0,2024-02-22 11:30:17,50,1,2379,15,0,0
457,2024-02-22 11:30:23,0,0,0,2024-02-22 11:30:56,50,1,83,1,0,0
464,2024-02-22 12:12:00,0,0,0,2024-02-22 13:42:38,38,1,83,6,0,0
458,2024-02-22 12:13:02,0,0,0,2024-02-22 12:18:02,10,1,2377,1,0,0
459,2024-02-22 12:14:50,0,0,0,2024-02-22 13:08:16,50,1,2379,15,0,0
460,2024-02-22 12:15:21,0,0,0,2024-02-22 15:53:47,9,1,11,5,0,0
461,2024-02-22 12:17:06,0,0,0,2024-02-22 14:49:41,4,1,2377,5,0,0
462,2024-02-22 12:48:12,0,0,0,2024-02-22 12:50:30,56,1,83,5,0,0
463,2024-02-22 12:50:40,0,0,0,2024-02-22 13:13:00,56,1,11,5,0,0
465,2024-02-22 13:08:26,0,0,0,2024-02-22 13:15:50,50,1,2382,15,0,0
466,2024-02-22 13:13:11,0,0,0,2024-02-22 15:53:49,56,1,2400,5,0,0
467,2024-02-22 13:16:06,0,0,0,2024-02-22 13:28:06,50,1,2622,11,0,0
468,2024-02-22 13:28:15,0,0,0,2024-02-22 13:36:12,50,1,2193,2,0,0
469,2024-02-22 13:36:26,0,0,0,2024-02-22 16:38:28,50,1,2850,15,0,0
472,2024-02-22 13:42:00,0,0,0,2024-02-22 14:39:00,38,0,2810,6,0,0
470,2024-02-22 14:07:49,0,0,0,2024-02-22 14:53:09,10,1,2858,1,0,0
471,2024-02-22 14:33:12,0,0,0,2024-02-22 18:21:43,33,1,83,15,0,0
473,2024-02-22 14:53:16,0,0,0,2024-02-22 15:15:37,10,1,20,1,0,0
474,2024-02-22 15:15:43,0,0,0,2024-02-22 15:37:11,10,1,2466,1,0,0
489,2024-02-22 16:04:03,0,0,0,2024-02-22 20:54:29,5,1,11,1,0,0
475,2024-02-22 16:15:16,0,0,0,2024-02-22 18:42:31,9,1,11,5,0,0
476,2024-02-22 16:19:13,0,0,0,2024-02-22 17:37:32,4,1,2377,5,0,0
477,2024-02-22 16:25:00,0,0,0,2024-02-22 17:20:08,56,1,2400,5,0,0
478,2024-02-22 16:38:45,0,0,0,2024-02-22 17:02:55,50,1,1135,15,0,0
479,2024-02-22 16:42:44,0,0,0,2024-02-22 17:20:09,10,1,2136,1,0,0
480,2024-02-22 17:00:05,0,0,0,2024-02-22 18:45:22,3,1,127,1,0,0
481,2024-02-22 17:03:05,0,0,0,2024-02-22 17:32:00,50,1,2380,15,0,0
482,2024-02-22 17:20:14,0,0,0,2024-02-22 17:47:25,10,1,2381,1,0,0
483,2024-02-22 17:32:08,0,0,0,2024-02-22 17:32:28,50,1,83,1,0,0
484,2024-02-22 17:47:32,0,0,0,2024-02-22 18:00:51,10,1,2796,1,0,0
485,2024-02-22 18:01:04,0,0,0,2024-02-22 18:40:31,10,1,2603,1,0,0
486,2024-02-22 18:40:37,0,0,0,2024-02-22 18:51:15,10,1,42,1,0,0
487,2024-02-22 18:45:34,0,0,0,2024-02-22 20:13:03,3,1,127,1,0,0
488,2024-02-22 18:51:23,0,0,0,2024-02-22 19:48:04,10,1,83,1,0,0
490,2024-02-23 05:05:28,0,0,0,2024-02-23 12:12:09,3,1,127,1,0,0
503,2024-02-23 07:59:00,0,0,0,2024-02-23 12:04:54,55,1,57,1,0,0
496,2024-02-23 08:26:52,0,0,0,2024-02-23 10:46:17,5,1,2400,1,0,0
491,2024-02-23 08:38:23,0,0,0,2024-02-23 11:28:42,4,1,2377,5,0,0
492,2024-02-23 08:48:45,0,0,0,2024-02-23 15:59:03,33,1,83,15,0,0
493,2024-02-23 09:19:32,0,0,0,2024-02-23 11:55:00,56,1,2400,5,0,0
494,2024-02-23 09:20:38,0,0,0,2024-02-23 09:48:56,50,1,2274,15,0,0
495,2024-02-23 09:20:57,0,0,0,2024-02-23 10:07:16,10,1,83,1,0,0
497,2024-02-23 09:42:49,0,0,0,2024-02-23 11:16:02,9,1,83,5,0,0
498,2024-02-23 09:49:05,0,0,0,2024-02-23 10:07:30,50,1,83,15,0,0
499,2024-02-23 10:07:47,0,0,0,2024-02-23 10:07:51,50,1,83,1,0,0
500,2024-02-23 10:34:31,0,0,0,2024-02-23 10:47:20,50,1,83,15,0,0
501,2024-02-23 10:47:32,0,0,0,2024-02-23 12:13:02,50,1,2729,15,0,0
502,2024-02-23 11:10:51,0,0,0,2024-02-23 11:53:22,5,1,11,1,0,0
507,2024-02-23 12:22:25,0,0,0,2024-02-23 12:54:47,5,1,2400,1,0,0
504,2024-02-23 12:29:40,0,0,0,2024-02-23 14:09:13,56,1,2610,5,0,0
505,2024-02-23 12:33:16,0,0,0,2024-02-23 15:32:00,55,0,57,5,0,0
506,2024-02-23 12:41:18,0,0,0,2024-02-23 13:34:33,50,1,110,11,0,0
508,2024-02-23 12:52:56,0,0,0,2024-02-23 16:49:25,9,1,83,5,0,0
509,2024-02-23 13:34:45,0,0,0,2024-02-23 14:15:03,50,1,2382,2,0,0
510,2024-02-23 14:09:21,0,0,0,2024-02-23 16:40:20,56,1,2611,5,0,0
511,2024-02-23 14:15:11,0,0,0,2024-02-23 14:34:44,50,1,2738,2,0,0
512,2024-02-23 14:35:11,0,0,0,2024-02-23 15:18:04,50,1,83,21,0,0
513,2024-02-23 15:18:16,0,0,0,2024-02-23 16:24:20,50,1,83,15,0,0
514,2024-02-23 15:59:24,0,0,0,2024-02-23 18:32:09,33,1,83,15,0,0
515,2024-02-23 16:02:00,0,0,0,2024-02-23 16:50:20,55,1,1135,6,0,0
516,2024-02-23 16:24:35,0,0,0,2024-02-23 16:42:53,50,1,2380,15,0,0
517,2024-02-23 16:43:18,0,0,0,2024-02-23 17:05:57,50,1,2380,15,0,0
518,2024-02-23 17:13:40,0,0,0,2024-02-23 17:13:43,50,1,83,1,0,0
519,2024-02-23 17:18:24,0,0,0,2024-02-23 17:43:37,9,1,11,5,0,0
520,2024-02-23 17:20:50,0,0,0,2024-02-23 17:34:58,56,1,11,5,0,0
521,2024-02-23 17:48:42,0,0,0,2024-02-23 17:55:28,9,1,2377,5,0,0
522,2024-02-23 17:55:36,0,0,0,2024-02-23 19:36:26,9,1,2400,5,0,0
523,2024-02-25 05:53:16,0,0,0,2024-02-25 08:15:51,3,1,2844,1,0,0
524,2024-02-25 06:10:46,0,0,0,2024-02-25 08:16:01,3,1,127,1,0,0
525,2024-02-26 05:18:38,0,0,0,2024-02-26 09:28:21,3,1,90,1,0,0
546,2024-02-26 08:20:57,0,0,0,2024-02-26 13:31:48,5,1,2400,1,0,0
549,2024-02-26 08:21:07,0,0,0,2024-02-26 12:16:14,33,1,83,15,0,0
526,2024-02-26 08:52:17,0,0,0,2024-02-26 09:47:37,10,1,83,1,0,0
527,2024-02-26 08:59:46,0,0,0,2024-02-26 10:40:32,4,1,90,5,0,0
528,2024-02-26 09:41:51,0,0,0,2024-02-26 11:55:45,50,1,83,15,0,0
529,2024-02-26 09:43:21,0,0,0,2024-02-26 10:01:06,9,1,83,5,0,0
530,2024-02-26 09:47:51,0,0,0,2024-02-26 10:08:21,10,1,1135,21,0,0
531,2024-02-26 09:51:24,0,0,0,2024-02-26 11:31:49,47,1,2471,1,0,0
532,2024-02-26 09:55:19,0,0,0,2024-02-26 12:36:46,56,1,83,5,0,0
533,2024-02-26 10:01:14,0,0,0,2024-02-26 10:12:33,9,1,2377,5,0,0
534,2024-02-26 10:08:31,0,0,0,2024-02-26 10:20:03,10,1,2622,1,0,0
535,2024-02-26 10:12:11,0,0,0,2024-02-26 10:23:24,38,1,83,6,0,0
536,2024-02-26 10:12:42,0,0,0,2024-02-26 11:11:51,9,1,2400,5,0,0
537,2024-02-26 10:17:05,0,0,0,2024-02-26 10:41:53,58,1,83,21,0,0
538,2024-02-26 10:20:35,0,0,0,2024-02-26 12:25:52,10,1,41,1,0,0
539,2024-02-26 10:23:54,0,0,0,2024-02-26 10:48:51,38,1,2810,6,0,0
540,2024-02-26 10:43:09,0,0,0,2024-02-26 10:44:39,58,1,83,21,0,0
541,2024-02-26 10:45:09,0,0,0,2024-02-26 10:46:38,58,1,83,21,0,0
542,2024-02-26 10:46:44,0,0,0,2024-02-26 11:17:59,58,1,42,21,0,0
543,2024-02-26 10:49:14,0,0,0,2024-02-26 11:34:10,38,1,15,6,0,0
544,2024-02-26 11:00:19,0,0,0,2024-02-26 13:21:08,3,1,90,1,0,0
545,2024-02-26 11:18:08,0,0,0,2024-02-26 11:45:43,58,1,15,21,0,0
547,2024-02-26 11:26:19,0,0,0,2024-02-26 12:21:16,9,1,2377,5,0,0
548,2024-02-26 11:32:10,0,0,0,2024-02-26 13:39:00,47,1,124,1,0,0
550,2024-02-26 11:34:18,0,0,0,2024-02-26 11:37:10,38,1,17,6,0,0
551,2024-02-26 11:37:28,0,0,0,2024-02-26 11:44:01,38,1,28,6,0,0
552,2024-02-26 11:44:20,0,0,0,2024-02-26 11:47:33,38,1,37,6,0,0
553,2024-02-26 11:45:49,0,0,0,2024-02-26 13:46:35,58,1,49,21,0,0
554,2024-02-26 11:47:54,0,0,0,2024-02-26 12:16:17,38,1,2263,6,0,0
555,2024-02-26 12:16:22,0,0,0,2024-02-26 13:02:39,33,1,2377,15,0,0
556,2024-02-26 12:26:03,0,0,0,2024-02-26 12:28:22,10,1,83,1,0,0
557,2024-02-26 12:28:35,0,0,0,2024-02-26 16:24:23,10,1,41,1,0,0
558,2024-02-26 12:55:18,0,0,0,2024-02-26 13:04:32,50,1,2349,15,0,0
559,2024-02-26 13:04:43,0,0,0,2024-02-26 13:29:49,50,1,2390,15,0,0
560,2024-02-26 13:20:02,0,0,0,2024-02-26 13:20:04,9,1,2377,5,0,0
561,2024-02-26 13:20:04,0,0,0,2024-02-26 13:20:06,9,1,2474,5,0,0
562,2024-02-26 13:30:06,0,0,0,2024-02-26 13:40:48,50,1,67,15,0,0
563,2024-02-26 13:40:38,0,0,0,2024-02-26 18:02:20,47,1,12,1,0,0
564,2024-02-26 13:40:59,0,0,0,2024-02-26 13:59:24,50,1,2850,15,0,0
570,2024-02-26 13:41:50,0,0,0,2024-02-26 14:17:22,33,1,83,15,0,0
565,2024-02-26 13:50:33,0,0,0,2024-02-26 15:14:06,58,1,2820,21,0,0
566,2024-02-26 13:51:01,0,0,0,2024-02-26 13:55:39,38,1,83,6,0,0
567,2024-02-26 13:55:52,0,0,0,2024-02-26 14:24:19,38,1,2263,6,0,0
568,2024-02-26 13:55:54,0,0,0,2024-02-26 14:16:56,9,1,2474,5,0,0
569,2024-02-26 13:59:45,0,0,0,2024-02-26 14:34:28,50,1,1135,15,0,0
585,2024-02-26 14:00:13,0,0,0,2024-02-27 09:25:58,5,1,17,1,0,0
571,2024-02-26 14:17:04,0,0,0,2024-02-26 16:23:38,9,1,41,5,0,0
572,2024-02-26 14:18:01,0,0,0,2024-02-26 14:38:56,33,1,83,15,0,0
573,2024-02-26 14:24:35,0,0,0,2024-02-26 14:48:10,38,1,44,6,0,0
574,2024-02-26 14:34:43,0,0,0,2024-02-26 14:57:21,50,1,24,11,0,0
575,2024-02-26 14:39:24,0,0,0,2024-02-26 15:51:00,33,1,2729,15,0,0
576,2024-02-26 14:49:10,0,0,0,2024-02-26 15:08:49,38,1,1135,6,0,0
577,2024-02-26 14:59:52,0,0,0,2024-02-26 16:01:01,50,1,2449,15,0,0
578,2024-02-26 15:14:20,0,0,0,2024-02-26 15:23:12,58,1,52,21,0,0
579,2024-02-26 15:23:24,0,0,0,2024-02-26 15:32:32,58,1,53,21,0,0
580,2024-02-26 15:32:40,0,0,0,2024-02-26 17:44:34,58,1,67,21,0,0
581,2024-02-26 15:58:43,0,0,0,2024-02-26 18:13:25,33,1,83,15,0,0
582,2024-02-26 16:01:13,0,0,0,2024-02-26 16:26:59,50,1,87,2,0,0
583,2024-02-26 16:23:45,0,0,0,2024-02-26 16:52:42,9,1,2377,5,0,0
584,2024-02-26 16:27:14,0,0,0,2024-02-26 17:04:36,50,1,83,2,0,0
586,2024-02-26 16:36:22,0,0,0,2024-02-26 16:40:02,38,1,1135,6,0,0
587,2024-02-26 16:52:48,0,0,0,2024-02-26 19:18:11,9,1,11,5,0,0
588,2024-02-26 17:04:48,0,0,0,2024-02-26 17:08:58,50,1,83,15,0,0
589,2024-02-26 17:09:07,0,0,0,2024-02-26 17:28:56,50,1,2449,15,0,0
590,2024-02-26 17:28:59,0,0,0,2024-02-27 04:07:35,3,1,90,1,0,0
591,2024-02-26 17:44:40,0,0,0,2024-02-26 18:07:51,58,1,2349,21,0,0
592,2024-02-26 18:08:00,0,0,0,2024-02-26 18:39:39,58,1,83,21,0,0
593,2024-02-27 04:07:58,0,0,0,2024-02-27 04:59:46,3,1,2844,1,0,0
594,2024-02-27 04:59:55,0,0,0,2024-02-27 05:22:06,3,1,2729,1,0,0
595,2024-02-27 05:22:15,0,0,0,2024-02-27 08:05:26,3,1,127,1,0,0
601,2024-02-27 06:59:07,0,0,0,2024-02-27 09:51:07,5,1,17,1,0,0
596,2024-02-27 08:18:42,0,0,0,2024-02-27 09:27:35,50,1,2380,15,0,0
597,2024-02-27 08:21:59,0,0,0,2024-02-27 10:45:36,33,1,83,15,0,0
599,2024-02-27 08:49:00,0,0,0,2024-02-27 09:34:08,38,1,83,6,0,0
598,2024-02-27 08:59:08,0,0,0,2024-02-27 10:29:08,4,1,90,5,0,0
600,2024-02-27 09:26:49,0,0,0,2024-02-27 09:50:53,56,1,83,5,0,0
602,2024-02-27 09:27:59,0,0,0,2024-02-27 10:48:19,50,1,83,15,0,0
603,2024-02-27 09:34:27,0,0,0,2024-02-27 11:15:03,38,1,1135,6,0,0
604,2024-02-27 09:38:31,0,0,0,2024-02-27 10:00:24,58,1,83,21,0,0
605,2024-02-27 09:47:14,0,0,0,2024-02-27 11:37:15,10,1,83,1,0,0
606,2024-02-27 09:51:00,0,0,0,2024-02-27 10:41:00,56,1,11,5,0,0
607,2024-02-27 09:53:53,0,0,0,2024-02-27 10:30:15,9,1,83,5,0,0
608,2024-02-27 09:58:25,0,0,0,2024-02-27 11:53:26,47,1,2621,1,0,0
609,2024-02-27 10:15:08,0,0,0,2024-02-27 17:28:32,66,1,83,4,0,0
610,2024-02-27 10:30:21,0,0,0,2024-02-27 11:15:17,9,1,11,5,0,0
611,2024-02-27 10:41:00,0,0,0,2024-02-27 11:22:24,56,1,2474,5,0,0
612,2024-02-27 10:43:36,0,0,0,2024-02-27 11:44:58,13,1,2303,6,0,0
613,2024-02-27 10:47:04,0,0,0,2024-02-27 11:11:37,33,1,9,2,0,0
614,2024-02-27 11:00:42,0,0,0,2024-02-27 18:22:59,67,1,83,21,0,0
615,2024-02-27 11:02:19,0,0,0,2024-02-27 13:05:25,64,1,2787,5,0,0
616,2024-02-27 11:11:02,0,0,0,2024-02-27 11:32:00,50,1,83,15,0,0
617,2024-02-27 11:11:08,0,0,0,2024-02-27 11:35:09,5,1,17,1,0,0
618,2024-02-27 11:12:04,0,0,0,2024-02-27 11:21:39,33,1,9,2,0,0
619,2024-02-27 11:15:11,0,0,0,2024-02-27 11:16:00,38,1,2623,6,0,0
620,2024-02-27 11:22:01,0,0,0,2024-02-27 11:41:50,33,1,83,15,0,0
621,2024-02-27 11:22:34,0,0,0,2024-02-27 12:10:47,56,1,41,5,0,0
622,2024-02-27 11:34:39,0,0,0,2024-02-27 11:35:57,50,1,83,1,0,0
623,2024-02-27 11:41:58,0,0,0,2024-02-27 15:22:39,33,1,33,15,0,0
659,2024-02-27 12:00:00,0,0,0,2024-02-27 13:33:00,4,0,,5,0,0
646,2024-02-27 12:00:00,0,0,0,2024-02-27 15:39:44,61,1,83,5,0,0
624,2024-02-27 12:13:11,0,0,0,2024-02-27 12:56:12,10,1,83,1,0,0
627,2024-02-27 12:18:00,0,0,0,2024-02-27 12:53:43,38,1,2267,6,0,0
625,2024-02-27 12:18:18,0,0,0,2024-02-27 12:56:33,50,1,2415,11,0,0
626,2024-02-27 12:19:23,0,0,0,2024-02-27 14:58:53,5,1,17,1,0,0
628,2024-02-27 12:43:29,0,0,0,2024-02-27 16:50:42,11,1,11,21,0,0
629,2024-02-27 12:45:10,0,0,0,2024-02-27 13:37:34,47,1,2621,1,0,0
630,2024-02-27 12:53:42,0,0,0,2024-02-27 18:36:08,9,1,11,5,0,0
631,2024-02-27 12:53:48,0,0,0,2024-02-27 12:58:35,56,1,83,5,0,0
632,2024-02-27 12:54:01,0,0,0,2024-02-27 14:39:42,38,1,2464,6,0,0
633,2024-02-27 12:56:44,0,0,0,2024-02-27 13:21:15,50,1,9,11,0,0
634,2024-02-27 12:58:42,0,0,0,2024-02-27 13:32:03,56,1,41,5,0,0
635,2024-02-27 13:05:34,0,0,0,2024-02-27 16:37:39,64,1,16,5,0,0
636,2024-02-27 13:16:57,0,0,0,2024-02-27 13:45:11,10,1,2471,21,0,0
637,2024-02-27 13:21:27,0,0,0,2024-02-27 13:32:26,50,1,20,11,0,0
638,2024-02-27 13:32:10,0,0,0,2024-02-27 14:04:08,56,1,83,5,0,0
639,2024-02-27 13:32:34,0,0,0,2024-02-27 13:43:50,50,1,35,11,0,0
640,2024-02-27 13:37:48,0,0,0,,47,0,67,1,0,0
641,2024-02-27 13:43:57,0,0,0,2024-02-27 13:59:45,50,1,37,11,0,0
642,2024-02-27 13:45:19,0,0,0,2024-02-27 14:03:47,10,1,2424,1,0,0
643,2024-02-27 13:59:59,0,0,0,2024-02-27 14:31:28,50,1,44,11,0,0
661,2024-02-27 14:00:00,0,0,0,2024-02-27 15:51:00,4,0,,5,0,0
644,2024-02-27 14:03:53,0,0,0,2024-02-27 14:51:16,10,1,2621,1,0,0
645,2024-02-27 14:04:19,0,0,0,2024-02-27 14:34:46,56,1,9,5,0,0
647,2024-02-27 14:18:39,0,0,0,2024-02-27 14:52:03,58,1,2851,3,0,0
648,2024-02-27 14:31:37,0,0,0,2024-02-27 14:42:16,50,1,15,11,0,0
649,2024-02-27 14:34:53,0,0,0,2024-02-27 16:30:35,56,1,16,5,0,0
650,2024-02-27 14:39:50,0,0,0,2024-02-27 15:27:19,38,1,2464,6,0,0
651,2024-02-27 14:42:34,0,0,0,2024-02-27 15:10:57,50,1,46,11,0,0
652,2024-02-27 14:51:23,0,0,0,2024-02-27 15:14:47,10,1,1135,1,0,0
653,2024-02-27 14:52:08,0,0,0,2024-02-27 15:28:40,58,1,43,21,0,0
654,2024-02-27 15:11:14,0,0,0,2024-02-27 15:55:26,50,1,11,11,0,0
663,2024-02-27 15:14:49,0,0,0,2024-02-27 19:56:22,5,1,17,1,0,0
655,2024-02-27 15:14:57,0,0,0,2024-02-27 20:27:14,10,1,83,1,0,0
656,2024-02-27 15:22:51,0,0,0,2024-02-27 18:21:31,33,1,9,2,0,0
657,2024-02-27 15:28:46,0,0,0,2024-02-27 17:40:10,58,1,2412,21,0,0
658,2024-02-27 15:39:55,0,0,0,2024-02-27 16:05:44,61,1,2857,15,0,0
660,2024-02-27 15:55:38,0,0,0,2024-02-27 16:00:26,50,1,100,15,0,0
662,2024-02-27 16:06:01,0,0,0,2024-02-27 16:29:04,61,1,2709,5,0,0
664,2024-02-27 16:29:18,0,0,0,2024-02-27 16:36:49,61,1,83,5,0,0
665,2024-02-27 16:35:36,0,0,0,2024-02-27 17:23:31,50,1,100,11,0,0
666,2024-02-27 16:37:02,0,0,0,2024-02-27 17:29:01,61,1,11,5,0,0
667,2024-02-27 16:37:48,0,0,0,2024-02-27 18:26:57,64,1,89,5,0,0
668,2024-02-27 16:50:52,0,0,0,,11,0,41,21,0,0
669,2024-02-27 16:56:40,0,0,0,2024-02-27 18:00:48,38,1,2464,6,0,0
670,2024-02-27 16:58:23,0,0,0,2024-02-27 18:28:46,56,1,83,5,0,0
671,2024-02-27 17:01:48,0,0,0,,4,0,2777,5,0,0
672,2024-02-27 17:23:39,0,0,0,2024-02-27 17:48:44,50,1,107,11,0,0
673,2024-02-27 17:26:40,0,0,0,,68,0,2683,1,0,0
674,2024-02-27 17:29:12,0,0,0,2024-02-27 18:08:04,61,1,83,5,0,0
675,2024-02-27 17:40:16,0,0,0,2024-02-27 17:47:38,58,1,2709,21,0,0
676,2024-02-27 17:47:44,0,0,0,,58,0,2539,21,0,0
677,2024-02-27 17:48:53,0,0,0,2024-02-27 18:11:00,50,1,2136,11,0,0
678,2024-02-27 18:00:58,0,0,0,2024-02-27 18:02:36,38,1,83,6,0,0
679,2024-02-27 18:08:12,0,0,0,2024-02-27 18:13:24,61,1,64,5,0,0
680,2024-02-27 18:11:29,0,0,0,2024-02-27 18:45:01,50,1,2301,11,0,0
681,2024-02-27 18:27:08,0,0,0,,64,0,2787,5,0,0
682,2024-02-27 18:36:14,0,0,0,2024-02-27 18:46:59,9,1,83,5,0,0
683,2024-02-27 18:45:13,0,0,0,2024-02-27 18:53:16,50,1,2382,11,0,0
684,2024-02-27 18:53:25,0,0,0,2024-02-27 19:11:12,50,1,2390,11,0,0
685,2024-02-27 19:11:20,0,0,0,2024-02-27 19:11:24,50,1,2472,15,0,0
686,2024-02-27 19:11:33,0,0,0,2024-02-27 19:32:09,50,1,2472,11,0,0
687,2024-02-27 19:32:24,0,0,0,2024-02-27 19:42:38,50,1,2493,11,0,0
688,2024-02-27 19:42:49,0,0,0,2024-02-27 20:04:19,50,1,2294,11,0,0
689,2024-02-27 20:04:33,0,0,0,2024-02-27 20:04:39,50,1,83,1,0,0
690,2024-02-27 20:32:36,0,0,0,2024-02-27 20:36:40,50,1,2209,11,0,0
691,2024-02-27 20:36:50,0,0,0,2024-02-27 20:42:55,50,1,2352,11,0,0
692,2024-02-27 20:41:12,0,0,0,,13,0,2365,6,0,0
